[{"model": "admin.logentry", "pk": 1, "fields": {"action_time": "2026-07-01T04:49:49.532Z", "user": 4, "content_type": 6, "object_id": "1", "object_repr": "admin@example.com", "action_flag": 3, "change_message": ""}}, {"model": "admin.logentry", "pk": 2, "fields": {"action_time": "2026-07-01T04:49:49.532Z", "user": 4, "content_type": 6, "object_id": "3", "object_repr": "adminfood@example.com", "action_flag": 3, "change_message": ""}}, {"model": "admin.logentry", "pk": 3, "fields": {"action_time": "2026-07-01T04:49:49.532Z", "user": 4, "content_type": 6, "object_id": "2", "object_repr": "khan@gmail.com", "action_flag": 3, "change_message": ""}}, {"model": "admin.logentry", "pk": 4, "fields": {"action_time": "2026-07-01T05:27:38.243Z", "user": 4, "content_type": 6, "object_id": "5", "object_repr": "test@example.com", "action_flag": 3, "change_message": ""}}, {"model": "admin.logentry", "pk": 5, "fields": {"action_time": "2026-07-01T05:27:38.243Z", "user": 4, "content_type": 6, "object_id": "6", "object_repr": "test@gmail.com", "action_flag": 3, "change_message": ""}}, {"model": "admin.logentry", "pk": 6, "fields": {"action_time": "2026-07-01T11:35:25.465Z", "user": 4, "content_type": 10, "object_id": "1", "object_repr": "Beef Steak (Spice Garden)", "action_flag": 1, "change_message": "[{\"added\": {}}]"}}, {"model": "admin.logentry", "pk": 7, "fields": {"action_time": "2026-07-01T11:37:13.259Z", "user": 4, "content_type": 7, "object_id": "7", "object_repr": "Soups", "action_flag": 1, "change_message": "[{\"added\": {}}]"}}, {"model": "admin.logentry", "pk": 8, "fields": {"action_time": "2026-07-01T11:37:34.583Z", "user": 4, "content_type": 10, "object_id": "1", "object_repr": "Beef Steak (Spice Garden)", "action_flag": 2, "change_message": "[{\"changed\": {\"fields\": [\"Image\"]}}]"}}, {"model": "admin.logentry", "pk": 9, "fields": {"action_time": "2026-07-01T11:38:11.413Z", "user": 4, "content_type": 10, "object_id": "2", "object_repr": "Beef Soup (Spice Garden)", "action_flag": 1, "change_message": "[{\"added\": {}}]"}}, {"model": "admin.logentry", "pk": 10, "fields": {"action_time": "2026-07-01T11:44:00.777Z", "user": 4, "content_type": 10, "object_id": "3", "object_repr": "Creamy Steak and Potato soup (Spice Garden)", "action_flag": 1, "change_message": "[{\"added\": {}}]"}}, {"model": "admin.logentry", "pk": 11, "fields": {"action_time": "2026-07-02T06:31:33.967Z", "user": 4, "content_type": 8, "object_id": "1", "object_repr": "Spice Garden (All In one)", "action_flag": 1, "change_message": "[{\"added\": {}}]"}}, {"model": "admin.logentry", "pk": 12, "fields": {"action_time": "2026-07-02T06:32:02.124Z", "user": 4, "content_type": 9, "object_id": "1", "object_repr": "1 x Creamy Steak and Potato soup in All In one", "action_flag": 1, "change_message": "[{\"added\": {}}]"}}, {"model": "admin.logentry", "pk": 13, "fields": {"action_time": "2026-07-02T06:32:14.094Z", "user": 4, "content_type": 9, "object_id": "1", "object_repr": "1 x Creamy Steak and Potato soup in All In one", "action_flag": 2, "change_message": "[]"}}, {"model": "admin.logentry", "pk": 14, "fields": {"action_time": "2026-07-02T06:32:25.888Z", "user": 4, "content_type": 9, "object_id": "2", "object_repr": "1 x Burger Junction and Switzz in All In one", "action_flag": 1, "change_message": "[{\"added\": {}}]"}}, {"model": "admin.logentry", "pk": 15, "fields": {"action_time": "2026-07-02T07:44:14.473Z", "user": 4, "content_type": 9, "object_id": "5", "object_repr": "5 x Creamy Steak and Potato soup in the soup deal", "action_flag": 1, "change_message": "[{\"added\": {}}]"}}, {"model": "admin.logentry", "pk": 16, "fields": {"action_time": "2026-07-02T10:59:34.819Z", "user": 4, "content_type": 9, "object_id": "7", "object_repr": "1 x Cheese Pizza in pizza", "action_flag": 1, "change_message": "[{\"added\": {}}]"}}, {"model": "admin.logentry", "pk": 17, "fields": {"action_time": "2026-07-02T10:59:46.314Z", "user": 4, "content_type": 9, "object_id": "7", "object_repr": "1 x Cheese Pizza in pizza", "action_flag": 3, "change_message": ""}}, {"model": "admin.logentry", "pk": 18, "fields": {"action_time": "2026-07-02T11:04:34.050Z", "user": 4, "content_type": 8, "object_id": "4", "object_repr": "Sushi World (the soup deal)", "action_flag": 3, "change_message": ""}}, {"model": "admin.logentry", "pk": 19, "fields": {"action_time": "2026-07-02T11:11:23.864Z", "user": 4, "content_type": 10, "object_id": "5", "object_repr": "Steak pizza (Italian Delights)", "action_flag": 1, "change_message": "[{\"added\": {}}]"}}, {"model": "admin.logentry", "pk": 20, "fields": {"action_time": "2026-07-02T11:11:37.777Z", "user": 4, "content_type": 9, "object_id": "10", "object_repr": "2 x Steak pizza in pizza combo", "action_flag": 1, "change_message": "[{\"added\": {}}]"}}, {"model": "admin.logentry", "pk": 21, "fields": {"action_time": "2026-07-03T10:42:42.517Z", "user": 4, "content_type": 17, "object_id": "3", "object_repr": "Payment 3 - success", "action_flag": 2, "change_message": "[{\"changed\": {\"fields\": [\"Payment status\"]}}]"}}, {"model": "admin.logentry", "pk": 22, "fields": {"action_time": "2026-07-03T10:42:47.580Z", "user": 4, "content_type": 17, "object_id": "2", "object_repr": "Payment 2 - success", "action_flag": 2, "change_message": "[{\"changed\": {\"fields\": [\"Payment status\"]}}]"}}, {"model": "admin.logentry", "pk": 23, "fields": {"action_time": "2026-07-03T10:42:56.924Z", "user": 4, "content_type": 17, "object_id": "1", "object_repr": "Payment 1 - success", "action_flag": 2, "change_message": "[{\"changed\": {\"fields\": [\"Payment status\"]}}]"}}, {"model": "admin.logentry", "pk": 24, "fields": {"action_time": "2026-07-10T05:15:38.959Z", "user": 10, "content_type": 11, "object_id": "1", "object_repr": "Spice Garden", "action_flag": 2, "change_message": "[{\"changed\": {\"fields\": [\"Image\"]}}]"}}, {"model": "admin.logentry", "pk": 25, "fields": {"action_time": "2026-07-13T06:46:23.893Z", "user": 10, "content_type": 11, "object_id": "5", "object_repr": "ABC", "action_flag": 3, "change_message": ""}}, {"model": "admin.logentry", "pk": 26, "fields": {"action_time": "2026-07-13T06:48:41.603Z", "user": 10, "content_type": 11, "object_id": "6", "object_repr": "The Coastal Table", "action_flag": 1, "change_message": "[{\"added\": {}}]"}}, {"model": "admin.logentry", "pk": 27, "fields": {"action_time": "2026-07-13T06:49:32.616Z", "user": 10, "content_type": 11, "object_id": "7", "object_repr": "Spice Route", "action_flag": 1, "change_message": "[{\"added\": {}}]"}}, {"model": "admin.logentry", "pk": 28, "fields": {"action_time": "2026-07-13T06:50:09.897Z", "user": 10, "content_type": 11, "object_id": "8", "object_repr": "Bella Italia", "action_flag": 1, "change_message": "[{\"added\": {}}]"}}, {"model": "admin.logentry", "pk": 29, "fields": {"action_time": "2026-07-13T06:50:52.465Z", "user": 10, "content_type": 10, "object_id": "4", "object_repr": "Cheese Pizza (Italian Delights)", "action_flag": 2, "change_message": "[{\"changed\": {\"fields\": [\"Description\", \"Updated by\"]}}]"}}, {"model": "admin.logentry", "pk": 30, "fields": {"action_time": "2026-07-13T06:51:22.869Z", "user": 10, "content_type": 10, "object_id": "5", "object_repr": "Steak pizza (Italian Delights)", "action_flag": 2, "change_message": "[{\"changed\": {\"fields\": [\"Description\", \"Updated by\"]}}]"}}, {"model": "admin.logentry", "pk": 31, "fields": {"action_time": "2026-07-13T06:52:03.637Z", "user": 10, "content_type": 10, "object_id": "1", "object_repr": "Beef Steak (Spice Garden)", "action_flag": 2, "change_message": "[{\"changed\": {\"fields\": [\"Description\", \"Updated by\"]}}]"}}, {"model": "admin.logentry", "pk": 32, "fields": {"action_time": "2026-07-13T06:54:56.173Z", "user": 10, "content_type": 10, "object_id": "6", "object_repr": "Tiramisu (Bella Italia)", "action_flag": 1, "change_message": "[{\"added\": {}}]"}}, {"model": "admin.logentry", "pk": 33, "fields": {"action_time": "2026-07-13T06:58:11.961Z", "user": 10, "content_type": 8, "object_id": "10", "object_repr": "Bella Italia (Steak Deal)", "action_flag": 1, "change_message": "[{\"added\": {}}]"}}, {"model": "admin.logentry", "pk": 34, "fields": {"action_time": "2026-07-13T07:03:40.817Z", "user": 10, "content_type": 7, "object_id": "9", "object_repr": "Drinks", "action_flag": 1, "change_message": "[{\"added\": {}}]"}}, {"model": "admin.logentry", "pk": 35, "fields": {"action_time": "2026-07-13T07:05:29.241Z", "user": 10, "content_type": 8, "object_id": "11", "object_repr": "Italian Delights (Burger Family Combo)", "action_flag": 1, "change_message": "[{\"added\": {}}]"}}, {"model": "admin.logentry", "pk": 36, "fields": {"action_time": "2026-07-13T07:06:08.068Z", "user": 10, "content_type": 8, "object_id": "12", "object_repr": "Spice Garden (Pizza Night Deal)", "action_flag": 1, "change_message": "[{\"added\": {}}]"}}, {"model": "admin.logentry", "pk": 37, "fields": {"action_time": "2026-07-13T07:07:04.762Z", "user": 10, "content_type": 9, "object_id": "11", "object_repr": "1 x Cheese Pizza in Pizza Night Deal", "action_flag": 1, "change_message": "[{\"added\": {}}]"}}, {"model": "admin.logentry", "pk": 38, "fields": {"action_time": "2026-07-13T07:07:23.663Z", "user": 10, "content_type": 9, "object_id": "12", "object_repr": "1 x Cheese Pizza in Burger Family Combo", "action_flag": 1, "change_message": "[{\"added\": {}}]"}}, {"model": "admin.logentry", "pk": 39, "fields": {"action_time": "2026-07-13T07:07:33.062Z", "user": 10, "content_type": 9, "object_id": "11", "object_repr": "1 x Creamy Steak and Potato soup in Pizza Night Deal", "action_flag": 2, "change_message": "[{\"changed\": {\"fields\": [\"Menu item id\"]}}]"}}, {"model": "admin.logentry", "pk": 40, "fields": {"action_time": "2026-07-13T07:07:56.013Z", "user": 10, "content_type": 9, "object_id": "13", "object_repr": "1 x Tiramisu in Steak Deal", "action_flag": 1, "change_message": "[{\"added\": {}}]"}}, {"model": "admin.logentry", "pk": 41, "fields": {"action_time": "2026-07-13T07:08:18.679Z", "user": 10, "content_type": 17, "object_id": "5", "object_repr": "Payment 5 - success", "action_flag": 1, "change_message": "[{\"added\": {}}]"}}, {"model": "admin.logentry", "pk": 42, "fields": {"action_time": "2026-07-13T07:08:38.037Z", "user": 10, "content_type": 12, "object_id": "2", "object_repr": "Cart of khan@gmail.com", "action_flag": 1, "change_message": "[{\"added\": {}}]"}}, {"model": "admin.logentry", "pk": 43, "fields": {"action_time": "2026-07-13T07:08:55.215Z", "user": 10, "content_type": 13, "object_id": "14", "object_repr": "1 X Steak pizza", "action_flag": 1, "change_message": "[{\"added\": {}}]"}}, {"model": "admin.logentry", "pk": 44, "fields": {"action_time": "2026-07-13T07:09:43.669Z", "user": 10, "content_type": 13, "object_id": "15", "object_repr": "2 X Tiramisu", "action_flag": 1, "change_message": "[{\"added\": {}}]"}}, {"model": "admin.logentry", "pk": 45, "fields": {"action_time": "2026-07-13T07:10:09.859Z", "user": 10, "content_type": 13, "object_id": "16", "object_repr": "1 X Beef Steak", "action_flag": 1, "change_message": "[{\"added\": {}}]"}}, {"model": "admin.logentry", "pk": 46, "fields": {"action_time": "2026-07-13T14:57:29.655Z", "user": 10, "content_type": 6, "object_id": "12", "object_repr": "admin@gmail.com", "action_flag": 2, "change_message": "[{\"changed\": {\"fields\": [\"Is admin\"]}}]"}}, {"model": "admin.logentry", "pk": 47, "fields": {"action_time": "2026-07-13T14:58:29.204Z", "user": 10, "content_type": 7, "object_id": "1", "object_repr": "Pizza", "action_flag": 2, "change_message": "[{\"changed\": {\"fields\": [\"Slug\", \"Updated by\"]}}]"}}, {"model": "admin.logentry", "pk": 48, "fields": {"action_time": "2026-07-13T15:15:53.323Z", "user": 10, "content_type": 10, "object_id": "3", "object_repr": "Creamy Steak and Potato soup (Spice Garden)", "action_flag": 2, "change_message": "[{\"changed\": {\"fields\": [\"Description\", \"Updated by\"]}}]"}}, {"model": "admin.logentry", "pk": 49, "fields": {"action_time": "2026-07-13T15:19:30.735Z", "user": 10, "content_type": 10, "object_id": "6", "object_repr": "Tiramisu (Bella Italia)", "action_flag": 2, "change_message": "[{\"changed\": {\"fields\": [\"Image\"]}}]"}}, {"model": "admin.logentry", "pk": 50, "fields": {"action_time": "2026-07-13T15:20:01.030Z", "user": 10, "content_type": 10, "object_id": "5", "object_repr": "Steak pizza (Italian Delights)", "action_flag": 2, "change_message": "[{\"changed\": {\"fields\": [\"Description\", \"Image\"]}}]"}}, {"model": "admin.logentry", "pk": 51, "fields": {"action_time": "2026-07-13T15:20:17.587Z", "user": 10, "content_type": 10, "object_id": "4", "object_repr": "Cheese Pizza (Italian Delights)", "action_flag": 2, "change_message": "[{\"changed\": {\"fields\": [\"Image\", \"Is featured\"]}}]"}}, {"model": "admin.logentry", "pk": 52, "fields": {"action_time": "2026-07-13T15:20:51.666Z", "user": 10, "content_type": 10, "object_id": "3", "object_repr": "Creamy Steak and Potato soup (Spice Garden)", "action_flag": 2, "change_message": "[{\"changed\": {\"fields\": [\"Image\"]}}]"}}, {"model": "admin.logentry", "pk": 53, "fields": {"action_time": "2026-07-13T15:21:06.880Z", "user": 10, "content_type": 10, "object_id": "2", "object_repr": "Burger Junction and Switzz (Spice Garden)", "action_flag": 2, "change_message": "[{\"changed\": {\"fields\": [\"Image\"]}}]"}}, {"model": "admin.logentry", "pk": 54, "fields": {"action_time": "2026-07-13T15:21:23.663Z", "user": 10, "content_type": 10, "object_id": "1", "object_repr": "Beef Steak (Spice Garden)", "action_flag": 2, "change_message": "[{\"changed\": {\"fields\": [\"Image\"]}}]"}}, {"model": "admin.logentry", "pk": 55, "fields": {"action_time": "2026-07-13T15:21:39.784Z", "user": 10, "content_type": 11, "object_id": "1", "object_repr": "Spice Garden", "action_flag": 2, "change_message": "[{\"changed\": {\"fields\": [\"Image\"]}}]"}}, {"model": "admin.logentry", "pk": 56, "fields": {"action_time": "2026-07-13T15:22:01.990Z", "user": 10, "content_type": 11, "object_id": "3", "object_repr": "Italian Delights", "action_flag": 2, "change_message": "[{\"changed\": {\"fields\": [\"Updated by\"]}}]"}}, {"model": "admin.logentry", "pk": 57, "fields": {"action_time": "2026-07-13T15:22:20.813Z", "user": 10, "content_type": 11, "object_id": "3", "object_repr": "Italian Delights", "action_flag": 2, "change_message": "[{\"changed\": {\"fields\": [\"Image\"]}}]"}}, {"model": "admin.logentry", "pk": 58, "fields": {"action_time": "2026-07-13T15:23:18.703Z", "user": 10, "content_type": 11, "object_id": "4", "object_repr": "Sushi World", "action_flag": 2, "change_message": "[{\"changed\": {\"fields\": [\"Updated by\"]}}]"}}, {"model": "admin.logentry", "pk": 59, "fields": {"action_time": "2026-07-13T15:23:32.583Z", "user": 10, "content_type": 11, "object_id": "4", "object_repr": "Sushi World", "action_flag": 2, "change_message": "[{\"changed\": {\"fields\": [\"Image\"]}}]"}}, {"model": "admin.logentry", "pk": 60, "fields": {"action_time": "2026-07-13T15:24:05.650Z", "user": 10, "content_type": 11, "object_id": "6", "object_repr": "The Coastal Table", "action_flag": 2, "change_message": "[{\"changed\": {\"fields\": [\"Image\", \"Updated by\"]}}]"}}, {"model": "admin.logentry", "pk": 61, "fields": {"action_time": "2026-07-13T15:24:24.236Z", "user": 10, "content_type": 11, "object_id": "7", "object_repr": "Spice Route", "action_flag": 2, "change_message": "[{\"changed\": {\"fields\": [\"Image\", \"Updated by\"]}}]"}}, {"model": "admin.logentry", "pk": 62, "fields": {"action_time": "2026-07-13T15:24:38.932Z", "user": 10, "content_type": 11, "object_id": "8", "object_repr": "Bella Italia", "action_flag": 2, "change_message": "[{\"changed\": {\"fields\": [\"Image\", \"Updated by\"]}}]"}}, {"model": "admin.logentry", "pk": 63, "fields": {"action_time": "2026-07-13T15:27:53.777Z", "user": 10, "content_type": 8, "object_id": "12", "object_repr": "Spice Garden (Pizza Night Deal)", "action_flag": 2, "change_message": "[{\"changed\": {\"fields\": [\"Combo price\", \"Image\", \"Updated by\"]}}]"}}, {"model": "admin.logentry", "pk": 64, "fields": {"action_time": "2026-07-13T15:28:08.911Z", "user": 10, "content_type": 8, "object_id": "11", "object_repr": "Italian Delights (Burger Family Combo)", "action_flag": 2, "change_message": "[{\"changed\": {\"fields\": [\"Combo price\", \"Image\", \"Updated by\"]}}]"}}, {"model": "admin.logentry", "pk": 65, "fields": {"action_time": "2026-07-13T15:32:29.979Z", "user": 10, "content_type": 8, "object_id": "10", "object_repr": "Bella Italia (Steak Deal)", "action_flag": 2, "change_message": "[{\"changed\": {\"fields\": [\"Image\", \"Updated by\"]}}]"}}, {"model": "admin.logentry", "pk": 66, "fields": {"action_time": "2026-07-13T15:33:42.547Z", "user": 10, "content_type": 8, "object_id": "9", "object_repr": "Italian Delights (pizza combo)", "action_flag": 2, "change_message": "[{\"changed\": {\"fields\": [\"Description\", \"Image\", \"Is featured\", \"Updated by\"]}}]"}}, {"model": "admin.logentry", "pk": 67, "fields": {"action_time": "2026-07-13T15:34:27.852Z", "user": 10, "content_type": 8, "object_id": "6", "object_repr": "Sushi World (soup combo)", "action_flag": 2, "change_message": "[{\"changed\": {\"fields\": [\"Description\", \"Image\", \"Is featured\", \"Updated by\"]}}]"}}, {"model": "admin.logentry", "pk": 68, "fields": {"action_time": "2026-07-13T15:35:18.935Z", "user": 10, "content_type": 8, "object_id": "6", "object_repr": "Sushi World (soup combo)", "action_flag": 2, "change_message": "[{\"changed\": {\"fields\": [\"Description\"]}}]"}}, {"model": "admin.logentry", "pk": 69, "fields": {"action_time": "2026-07-13T15:35:52.706Z", "user": 10, "content_type": 8, "object_id": "5", "object_repr": "Spice Garden (pizza)", "action_flag": 2, "change_message": "[{\"changed\": {\"fields\": [\"Description\", \"Image\", \"Is featured\", \"Updated by\"]}}]"}}, {"model": "admin.logentry", "pk": 70, "fields": {"action_time": "2026-07-13T15:36:02.690Z", "user": 10, "content_type": 9, "object_id": "13", "object_repr": "1 x Tiramisu in Steak Deal", "action_flag": 2, "change_message": "[]"}}, {"model": "admin.logentry", "pk": 71, "fields": {"action_time": "2026-07-13T15:36:13.317Z", "user": 10, "content_type": 7, "object_id": "8", "object_repr": "Dessert", "action_flag": 2, "change_message": "[]"}}, {"model": "admin.logentry", "pk": 72, "fields": {"action_time": "2026-07-13T15:39:01.959Z", "user": 10, "content_type": 7, "object_id": "8", "object_repr": "Dessert", "action_flag": 2, "change_message": "[]"}}, {"model": "admin.logentry", "pk": 73, "fields": {"action_time": "2026-07-13T15:42:44.391Z", "user": 10, "content_type": 6, "object_id": "11", "object_repr": "john@gmail.com", "action_flag": 3, "change_message": ""}}, {"model": "admin.logentry", "pk": 74, "fields": {"action_time": "2026-07-13T18:15:33.746Z", "user": 10, "content_type": 7, "object_id": "8", "object_repr": "Dessert", "action_flag": 2, "change_message": "[{\"changed\": {\"fields\": [\"Image\"]}}]"}}, {"model": "admin.logentry", "pk": 75, "fields": {"action_time": "2026-07-13T18:15:44.044Z", "user": 10, "content_type": 7, "object_id": "8", "object_repr": "Dessert", "action_flag": 2, "change_message": "[{\"changed\": {\"fields\": [\"Updated by\"]}}]"}}, {"model": "admin.logentry", "pk": 76, "fields": {"action_time": "2026-07-13T18:15:58.086Z", "user": 10, "content_type": 7, "object_id": "9", "object_repr": "Drinks", "action_flag": 2, "change_message": "[{\"changed\": {\"fields\": [\"Image\", \"Updated by\"]}}]"}}, {"model": "admin.logentry", "pk": 77, "fields": {"action_time": "2026-07-13T18:17:30.033Z", "user": 10, "content_type": 7, "object_id": "4", "object_repr": "Mashroom Steak", "action_flag": 2, "change_message": "[{\"changed\": {\"fields\": [\"Image\", \"Updated by\"]}}]"}}, {"model": "admin.logentry", "pk": 78, "fields": {"action_time": "2026-07-13T18:17:49.635Z", "user": 10, "content_type": 7, "object_id": "1", "object_repr": "Pizza", "action_flag": 2, "change_message": "[{\"changed\": {\"fields\": [\"Image\"]}}]"}}, {"model": "admin.logentry", "pk": 79, "fields": {"action_time": "2026-07-13T18:21:30.276Z", "user": 10, "content_type": 7, "object_id": "5", "object_repr": "Smokey Items", "action_flag": 2, "change_message": "[{\"changed\": {\"fields\": [\"Image\", \"Updated by\"]}}]"}}, {"model": "admin.logentry", "pk": 80, "fields": {"action_time": "2026-07-13T18:25:07.919Z", "user": 10, "content_type": 7, "object_id": "7", "object_repr": "Soups", "action_flag": 2, "change_message": "[{\"changed\": {\"fields\": [\"Image\", \"Updated by\"]}}]"}}, {"model": "admin.logentry", "pk": 81, "fields": {"action_time": "2026-07-13T18:38:49.198Z", "user": 10, "content_type": 11, "object_id": "8", "object_repr": "Bella Italia", "action_flag": 2, "change_message": "[]"}}, {"model": "admin.logentry", "pk": 82, "fields": {"action_time": "2026-07-13T20:02:44.114Z", "user": 10, "content_type": 11, "object_id": "3", "object_repr": "Italian Delights", "action_flag": 2, "change_message": "[]"}}, {"model": "admin.logentry", "pk": 83, "fields": {"action_time": "2026-07-13T20:03:01.988Z", "user": 10, "content_type": 10, "object_id": "2", "object_repr": "Burger Junction and Switzz (Spice Garden)", "action_flag": 2, "change_message": "[]"}}, {"model": "admin.logentry", "pk": 84, "fields": {"action_time": "2026-07-13T20:03:15.409Z", "user": 10, "content_type": 8, "object_id": "6", "object_repr": "Sushi World (soup combo)", "action_flag": 2, "change_message": "[]"}}, {"model": "admin.logentry", "pk": 85, "fields": {"action_time": "2026-07-13T20:03:22.497Z", "user": 10, "content_type": 9, "object_id": "11", "object_repr": "1 x Creamy Steak and Potato soup in Pizza Night Deal", "action_flag": 2, "change_message": "[]"}}, {"model": "admin.logentry", "pk": 86, "fields": {"action_time": "2026-07-13T20:04:01.241Z", "user": 10, "content_type": 11, "object_id": "3", "object_repr": "Italian Delights", "action_flag": 2, "change_message": "[]"}}, {"model": "admin.logentry", "pk": 87, "fields": {"action_time": "2026-07-14T05:28:51.860Z", "user": 10, "content_type": 10, "object_id": "2", "object_repr": "Burger Junction and Switzz (Spice Garden)", "action_flag": 2, "change_message": "[{\"changed\": {\"fields\": [\"Category id\"]}}]"}}, {"model": "admin.logentry", "pk": 88, "fields": {"action_time": "2026-07-14T05:29:44.762Z", "user": 10, "content_type": 10, "object_id": "6", "object_repr": "Tiramisu (Bella Italia)", "action_flag": 2, "change_message": "[{\"changed\": {\"fields\": [\"Category id\"]}}]"}}, {"model": "admin.logentry", "pk": 89, "fields": {"action_time": "2026-07-14T05:29:58.430Z", "user": 10, "content_type": 10, "object_id": "5", "object_repr": "Steak pizza (Italian Delights)", "action_flag": 2, "change_message": "[]"}}, {"model": "admin.logentry", "pk": 90, "fields": {"action_time": "2026-07-14T05:30:03.499Z", "user": 10, "content_type": 10, "object_id": "4", "object_repr": "Cheese Pizza (Italian Delights)", "action_flag": 2, "change_message": "[]"}}, {"model": "admin.logentry", "pk": 91, "fields": {"action_time": "2026-07-14T05:30:17.300Z", "user": 10, "content_type": 10, "object_id": "1", "object_repr": "Beef Steak (Spice Garden)", "action_flag": 2, "change_message": "[]"}}, {"model": "admin.logentry", "pk": 92, "fields": {"action_time": "2026-07-15T15:38:26.923Z", "user": 10, "content_type": 11, "object_id": "3", "object_repr": "Italian Delights", "action_flag": 2, "change_message": "[{\"changed\": {\"fields\": [\"Address\"]}}]"}}, {"model": "admin.logentry", "pk": 93, "fields": {"action_time": "2026-07-15T15:58:35.708Z", "user": 10, "content_type": 11, "object_id": "1", "object_repr": "Spice Garden", "action_flag": 2, "change_message": "[{\"changed\": {\"fields\": [\"Description\"]}}]"}}, {"model": "admin.logentry", "pk": 94, "fields": {"action_time": "2026-07-15T15:58:51.505Z", "user": 10, "content_type": 11, "object_id": "3", "object_repr": "Italian Delights", "action_flag": 2, "change_message": "[{\"changed\": {\"fields\": [\"Description\"]}}]"}}, {"model": "admin.logentry", "pk": 95, "fields": {"action_time": "2026-07-15T15:59:22.741Z", "user": 10, "content_type": 11, "object_id": "4", "object_repr": "Sushi World", "action_flag": 2, "change_message": "[{\"changed\": {\"fields\": [\"Description\"]}}]"}}, {"model": "admin.logentry", "pk": 96, "fields": {"action_time": "2026-07-15T16:02:04.200Z", "user": 10, "content_type": 11, "object_id": "7", "object_repr": "Spice Route", "action_flag": 2, "change_message": "[{\"changed\": {\"fields\": [\"Description\"]}}]"}}, {"model": "admin.logentry", "pk": 97, "fields": {"action_time": "2026-07-15T16:02:22.031Z", "user": 10, "content_type": 11, "object_id": "8", "object_repr": "Bella Italia", "action_flag": 2, "change_message": "[{\"changed\": {\"fields\": [\"Description\"]}}]"}}, {"model": "admin.logentry", "pk": 98, "fields": {"action_time": "2026-07-15T18:24:43.076Z", "user": 10, "content_type": 10, "object_id": "1", "object_repr": "Beef Steak (Spice Garden)", "action_flag": 3, "change_message": ""}}, {"model": "admin.logentry", "pk": 99, "fields": {"action_time": "2026-07-15T18:24:48.511Z", "user": 10, "content_type": 10, "object_id": "6", "object_repr": "Tiramisu (Bella Italia)", "action_flag": 3, "change_message": ""}}, {"model": "admin.logentry", "pk": 100, "fields": {"action_time": "2026-07-15T18:24:53.221Z", "user": 10, "content_type": 10, "object_id": "5", "object_repr": "Steak pizza (Italian Delights)", "action_flag": 3, "change_message": ""}}, {"model": "admin.logentry", "pk": 101, "fields": {"action_time": "2026-07-15T18:25:07.115Z", "user": 10, "content_type": 10, "object_id": "4", "object_repr": "Cheese Pizza (Italian Delights)", "action_flag": 3, "change_message": ""}}, {"model": "admin.logentry", "pk": 102, "fields": {"action_time": "2026-07-15T18:25:12.232Z", "user": 10, "content_type": 10, "object_id": "3", "object_repr": "Creamy Steak and Potato soup (Spice Garden)", "action_flag": 3, "change_message": ""}}, {"model": "admin.logentry", "pk": 103, "fields": {"action_time": "2026-07-15T18:25:19.549Z", "user": 10, "content_type": 10, "object_id": "2", "object_repr": "Burger Junction and Switzz (Spice Garden)", "action_flag": 3, "change_message": ""}}, {"model": "admin.logentry", "pk": 104, "fields": {"action_time": "2026-07-15T18:26:04.173Z", "user": 10, "content_type": 10, "object_id": "7", "object_repr": "Cheese Pizza (Bella Italia)", "action_flag": 1, "change_message": "[{\"added\": {}}]"}}, {"model": "admin.logentry", "pk": 105, "fields": {"action_time": "2026-07-15T18:26:49.647Z", "user": 10, "content_type": 10, "object_id": "8", "object_repr": "Pepperoni Pizza (Bella Italia)", "action_flag": 1, "change_message": "[{\"added\": {}}]"}}, {"model": "admin.logentry", "pk": 106, "fields": {"action_time": "2026-07-15T18:27:47.113Z", "user": 10, "content_type": 10, "object_id": "9", "object_repr": "Vegetable Pizza (Bella Italia)", "action_flag": 1, "change_message": "[{\"added\": {}}]"}}, {"model": "admin.logentry", "pk": 107, "fields": {"action_time": "2026-07-15T18:28:37.797Z", "user": 10, "content_type": 10, "object_id": "10", "object_repr": "Chocolate Brownie (Bella Italia)", "action_flag": 1, "change_message": "[{\"added\": {}}]"}}, {"model": "admin.logentry", "pk": 108, "fields": {"action_time": "2026-07-15T18:29:25.303Z", "user": 10, "content_type": 10, "object_id": "11", "object_repr": "Vanilla Ice Cream (Bella Italia)", "action_flag": 1, "change_message": "[{\"added\": {}}]"}}, {"model": "admin.logentry", "pk": 109, "fields": {"action_time": "2026-07-15T18:30:08.797Z", "user": 10, "content_type": 10, "object_id": "12", "object_repr": "Fresh Lemonade (Bella Italia)", "action_flag": 1, "change_message": "[{\"added\": {}}]"}}, {"model": "admin.logentry", "pk": 110, "fields": {"action_time": "2026-07-15T18:31:12.835Z", "user": 10, "content_type": 10, "object_id": "13", "object_repr": "Chicken Tikka (Spice Route)", "action_flag": 1, "change_message": "[{\"added\": {}}]"}}, {"model": "admin.logentry", "pk": 111, "fields": {"action_time": "2026-07-15T18:31:57.240Z", "user": 10, "content_type": 10, "object_id": "14", "object_repr": "Lamb Chops (Spice Route)", "action_flag": 1, "change_message": "[{\"added\": {}}]"}}, {"model": "admin.logentry", "pk": 112, "fields": {"action_time": "2026-07-15T18:32:38.021Z", "user": 10, "content_type": 10, "object_id": "15", "object_repr": "Chicken Kebabs (Spice Route)", "action_flag": 1, "change_message": "[{\"added\": {}}]"}}, {"model": "admin.logentry", "pk": 113, "fields": {"action_time": "2026-07-15T18:32:47.278Z", "user": 10, "content_type": 10, "object_id": "14", "object_repr": "Lamb Chops (Spice Route)", "action_flag": 2, "change_message": "[{\"changed\": {\"fields\": [\"Price\"]}}]"}}, {"model": "admin.logentry", "pk": 114, "fields": {"action_time": "2026-07-15T18:33:55.154Z", "user": 10, "content_type": 10, "object_id": "16", "object_repr": "Lentil Soup (Spice Route)", "action_flag": 1, "change_message": "[{\"added\": {}}]"}}, {"model": "admin.logentry", "pk": 115, "fields": {"action_time": "2026-07-15T18:34:38.138Z", "user": 10, "content_type": 10, "object_id": "17", "object_repr": "Tomato Soup (Spice Route)", "action_flag": 1, "change_message": "[{\"added\": {}}]"}}, {"model": "admin.logentry", "pk": 116, "fields": {"action_time": "2026-07-15T18:35:27.981Z", "user": 10, "content_type": 10, "object_id": "18", "object_repr": "Pepsi (Spice Route)", "action_flag": 1, "change_message": "[{\"added\": {}}]"}}, {"model": "admin.logentry", "pk": 117, "fields": {"action_time": "2026-07-15T18:36:19.729Z", "user": 10, "content_type": 10, "object_id": "19", "object_repr": "Mushroom Steak (The Coastal Table)", "action_flag": 1, "change_message": "[{\"added\": {}}]"}}, {"model": "admin.logentry", "pk": 118, "fields": {"action_time": "2026-07-15T18:37:04.495Z", "user": 10, "content_type": 10, "object_id": "20", "object_repr": "Stuffed Mushrooms (The Coastal Table)", "action_flag": 1, "change_message": "[{\"added\": {}}]"}}, {"model": "admin.logentry", "pk": 119, "fields": {"action_time": "2026-07-15T18:37:57.787Z", "user": 10, "content_type": 10, "object_id": "21", "object_repr": "Creamy Mushroom Pasta (The Coastal Table)", "action_flag": 1, "change_message": "[{\"added\": {}}]"}}, {"model": "admin.logentry", "pk": 120, "fields": {"action_time": "2026-07-15T18:39:14.037Z", "user": 10, "content_type": 10, "object_id": "22", "object_repr": "Fish Soup (The Coastal Table)", "action_flag": 1, "change_message": "[{\"added\": {}}]"}}, {"model": "admin.logentry", "pk": 121, "fields": {"action_time": "2026-07-15T18:40:05.718Z", "user": 10, "content_type": 10, "object_id": "23", "object_repr": "Prawn Soup (The Coastal Table)", "action_flag": 1, "change_message": "[{\"added\": {}}]"}}, {"model": "admin.logentry", "pk": 122, "fields": {"action_time": "2026-07-15T18:41:00.677Z", "user": 10, "content_type": 10, "object_id": "24", "object_repr": "Fresh Lime Soda (The Coastal Table)", "action_flag": 1, "change_message": "[{\"added\": {}}]"}}, {"model": "admin.logentry", "pk": 123, "fields": {"action_time": "2026-07-15T18:41:51.624Z", "user": 10, "content_type": 10, "object_id": "25", "object_repr": "Chicken Noodle Soup (Sushi World)", "action_flag": 1, "change_message": "[{\"added\": {}}]"}}, {"model": "admin.logentry", "pk": 124, "fields": {"action_time": "2026-07-15T18:42:35.546Z", "user": 10, "content_type": 10, "object_id": "26", "object_repr": "Vegetable Soup (Sushi World)", "action_flag": 1, "change_message": "[{\"added\": {}}]"}}, {"model": "admin.logentry", "pk": 125, "fields": {"action_time": "2026-07-15T18:43:19.053Z", "user": 10, "content_type": 10, "object_id": "27", "object_repr": "Spicy Noodle Soup (Sushi World)", "action_flag": 1, "change_message": "[{\"added\": {}}]"}}, {"model": "admin.logentry", "pk": 126, "fields": {"action_time": "2026-07-15T18:43:56.451Z", "user": 10, "content_type": 10, "object_id": "28", "object_repr": "Green Tea (Sushi World)", "action_flag": 1, "change_message": "[{\"added\": {}}]"}}, {"model": "admin.logentry", "pk": 127, "fields": {"action_time": "2026-07-15T18:45:52.968Z", "user": 10, "content_type": 10, "object_id": "29", "object_repr": "Ice Tea (Sushi World)", "action_flag": 1, "change_message": "[{\"added\": {}}]"}}, {"model": "admin.logentry", "pk": 128, "fields": {"action_time": "2026-07-15T18:46:41.127Z", "user": 10, "content_type": 10, "object_id": "30", "object_repr": "Fruit Salad (Sushi World)", "action_flag": 1, "change_message": "[{\"added\": {}}]"}}, {"model": "admin.logentry", "pk": 129, "fields": {"action_time": "2026-07-15T18:47:33.455Z", "user": 10, "content_type": 10, "object_id": "31", "object_repr": "Margherita Pizza (Italian Delights)", "action_flag": 1, "change_message": "[{\"added\": {}}]"}}, {"model": "admin.logentry", "pk": 130, "fields": {"action_time": "2026-07-15T18:48:42.866Z", "user": 10, "content_type": 10, "object_id": "32", "object_repr": "Chicken Tikka Pizza (Italian Delights)", "action_flag": 1, "change_message": "[{\"added\": {}}]"}}, {"model": "admin.logentry", "pk": 131, "fields": {"action_time": "2026-07-15T18:49:42.336Z", "user": 10, "content_type": 10, "object_id": "33", "object_repr": "Fajita Pizza (Italian Delights)", "action_flag": 1, "change_message": "[{\"added\": {}}]"}}, {"model": "admin.logentry", "pk": 132, "fields": {"action_time": "2026-07-15T18:50:37.750Z", "user": 10, "content_type": 10, "object_id": "34", "object_repr": "Chocolate Cake (Italian Delights)", "action_flag": 1, "change_message": "[{\"added\": {}}]"}}, {"model": "admin.logentry", "pk": 133, "fields": {"action_time": "2026-07-15T18:51:25.044Z", "user": 10, "content_type": 10, "object_id": "35", "object_repr": "Fruit Trifle (Italian Delights)", "action_flag": 1, "change_message": "[{\"added\": {}}]"}}, {"model": "admin.logentry", "pk": 134, "fields": {"action_time": "2026-07-15T18:52:28.818Z", "user": 10, "content_type": 10, "object_id": "36", "object_repr": "Cold Coffee (Italian Delights)", "action_flag": 1, "change_message": "[{\"added\": {}}]"}}, {"model": "admin.logentry", "pk": 135, "fields": {"action_time": "2026-07-15T18:53:12.571Z", "user": 10, "content_type": 10, "object_id": "37", "object_repr": "Chicken Tikka (Spice Garden)", "action_flag": 1, "change_message": "[{\"added\": {}}]"}}, {"model": "admin.logentry", "pk": 136, "fields": {"action_time": "2026-07-15T18:53:48.261Z", "user": 10, "content_type": 10, "object_id": "38", "object_repr": "Chicken Seekh Kebab (Spice Garden)", "action_flag": 1, "change_message": "[{\"added\": {}}]"}}, {"model": "admin.logentry", "pk": 137, "fields": {"action_time": "2026-07-15T18:55:05.925Z", "user": 10, "content_type": 10, "object_id": "39", "object_repr": "Paneer Tikka (Spice Garden)", "action_flag": 1, "change_message": "[{\"added\": {}}]"}}, {"model": "admin.logentry", "pk": 138, "fields": {"action_time": "2026-07-15T18:55:52.370Z", "user": 10, "content_type": 10, "object_id": "40", "object_repr": "Chicken Soup (Spice Garden)", "action_flag": 1, "change_message": "[{\"added\": {}}]"}}, {"model": "admin.logentry", "pk": 139, "fields": {"action_time": "2026-07-15T18:56:25.932Z", "user": 10, "content_type": 10, "object_id": "41", "object_repr": "Vegetable Soup (Spice Garden)", "action_flag": 1, "change_message": "[{\"added\": {}}]"}}, {"model": "admin.logentry", "pk": 140, "fields": {"action_time": "2026-07-15T18:57:38.360Z", "user": 10, "content_type": 10, "object_id": "42", "object_repr": "Mint Margarita (Spice Garden)", "action_flag": 1, "change_message": "[{\"added\": {}}]"}}, {"model": "admin.logentry", "pk": 141, "fields": {"action_time": "2026-07-15T18:59:30.868Z", "user": 10, "content_type": 10, "object_id": "38", "object_repr": "Chicken Seekh Kebab (Spice Garden)", "action_flag": 2, "change_message": "[{\"changed\": {\"fields\": [\"Image\"]}}]"}}, {"model": "admin.logentry", "pk": 142, "fields": {"action_time": "2026-07-15T19:00:02.189Z", "user": 10, "content_type": 10, "object_id": "34", "object_repr": "Chocolate Cake (Italian Delights)", "action_flag": 2, "change_message": "[{\"changed\": {\"fields\": [\"Category id\"]}}]"}}, {"model": "admin.logentry", "pk": 143, "fields": {"action_time": "2026-07-15T19:02:07.914Z", "user": 10, "content_type": 8, "object_id": "12", "object_repr": "Spice Garden (Pizza Night Deal)", "action_flag": 2, "change_message": "[]"}}, {"model": "admin.logentry", "pk": 144, "fields": {"action_time": "2026-07-15T19:03:09.562Z", "user": 10, "content_type": 8, "object_id": "12", "object_repr": "Bella Italia (Family Pizza Deal)", "action_flag": 2, "change_message": "[{\"changed\": {\"fields\": [\"Restaurant id\", \"Name\", \"Description\", \"Combo price\", \"Created by\"]}}]"}}, {"model": "admin.logentry", "pk": 145, "fields": {"action_time": "2026-07-15T19:05:11.008Z", "user": 10, "content_type": 8, "object_id": "11", "object_repr": "Spice Route (Grill Platter)", "action_flag": 2, "change_message": "[{\"changed\": {\"fields\": [\"Restaurant id\", \"Name\", \"Description\", \"Combo price\", \"Image\", \"Created by\"]}}]"}}, {"model": "admin.logentry", "pk": 146, "fields": {"action_time": "2026-07-15T19:07:41.921Z", "user": 10, "content_type": 8, "object_id": "10", "object_repr": "Spice Route (Soup & Starter)", "action_flag": 2, "change_message": "[{\"changed\": {\"fields\": [\"Restaurant id\", \"Name\", \"Description\", \"Combo price\", \"Image\", \"Created by\"]}}]"}}, {"model": "admin.logentry", "pk": 147, "fields": {"action_time": "2026-07-15T19:09:15.067Z", "user": 10, "content_type": 8, "object_id": "9", "object_repr": "Sushi World (Noodle & Soup Deal)", "action_flag": 2, "change_message": "[{\"changed\": {\"fields\": [\"Restaurant id\", \"Name\", \"Description\", \"Combo price\", \"Image\", \"Created by\"]}}]"}}, {"model": "admin.logentry", "pk": 148, "fields": {"action_time": "2026-07-15T19:11:01.249Z", "user": 10, "content_type": 8, "object_id": "6", "object_repr": "Italian Delights (Pizza & Pasta Combo)", "action_flag": 2, "change_message": "[{\"changed\": {\"fields\": [\"Restaurant id\", \"Name\", \"Description\", \"Combo price\", \"Image\", \"Created by\"]}}]"}}, {"model": "admin.logentry", "pk": 149, "fields": {"action_time": "2026-07-15T19:12:10.788Z", "user": 10, "content_type": 8, "object_id": "13", "object_repr": "Spice Garden (Tandoori Platter)", "action_flag": 1, "change_message": "[{\"added\": {}}]"}}, {"model": "admin.logentry", "pk": 150, "fields": {"action_time": "2026-07-15T19:12:17.808Z", "user": 10, "content_type": 8, "object_id": "5", "object_repr": "Spice Garden (pizza)", "action_flag": 3, "change_message": ""}}, {"model": "admin.logentry", "pk": 151, "fields": {"action_time": "2026-07-15T19:14:36.586Z", "user": 10, "content_type": 9, "object_id": "14", "object_repr": "1 x Chicken Seekh Kebab in Tandoori Platter", "action_flag": 1, "change_message": "[{\"added\": {}}]"}}, {"model": "admin.logentry", "pk": 152, "fields": {"action_time": "2026-07-15T19:15:13.190Z", "user": 10, "content_type": 9, "object_id": "15", "object_repr": "4 x Fajita Pizza in Family Pizza Deal", "action_flag": 1, "change_message": "[{\"added\": {}}]"}}, {"model": "admin.logentry", "pk": 153, "fields": {"action_time": "2026-07-15T19:15:35.744Z", "user": 10, "content_type": 9, "object_id": "16", "object_repr": "6 x Chicken Kebabs in Grill Platter", "action_flag": 1, "change_message": "[{\"added\": {}}]"}}, {"model": "admin.logentry", "pk": 154, "fields": {"action_time": "2026-07-15T19:16:10.378Z", "user": 10, "content_type": 9, "object_id": "17", "object_repr": "2 x Chicken Noodle Soup in Noodle & Soup Deal", "action_flag": 1, "change_message": "[{\"added\": {}}]"}}, {"model": "admin.logentry", "pk": 155, "fields": {"action_time": "2026-07-15T19:16:30.223Z", "user": 10, "content_type": 9, "object_id": "18", "object_repr": "3 x Spicy Noodle Soup in Noodle & Soup Deal", "action_flag": 1, "change_message": "[{\"added\": {}}]"}}, {"model": "admin.logentry", "pk": 156, "fields": {"action_time": "2026-07-15T19:16:47.237Z", "user": 10, "content_type": 9, "object_id": "19", "object_repr": "2 x Creamy Mushroom Pasta in Pizza & Pasta Combo", "action_flag": 1, "change_message": "[{\"added\": {}}]"}}, {"model": "admin.logentry", "pk": 157, "fields": {"action_time": "2026-07-15T19:18:38.985Z", "user": 10, "content_type": 9, "object_id": "20", "object_repr": "1 x Paneer Tikka in Tandoori Platter", "action_flag": 1, "change_message": "[{\"added\": {}}]"}}, {"model": "admin.logentry", "pk": 158, "fields": {"action_time": "2026-07-15T19:18:51.213Z", "user": 10, "content_type": 9, "object_id": "21", "object_repr": "2 x Chicken Tikka Pizza in Family Pizza Deal", "action_flag": 1, "change_message": "[{\"added\": {}}]"}}, {"model": "admin.logentry", "pk": 159, "fields": {"action_time": "2026-07-15T19:19:42.149Z", "user": 10, "content_type": 9, "object_id": "22", "object_repr": "4 x Chicken Tikka in Grill Platter", "action_flag": 1, "change_message": "[{\"added\": {}}]"}}, {"model": "admin.logentry", "pk": 160, "fields": {"action_time": "2026-07-15T19:20:25.167Z", "user": 10, "content_type": 9, "object_id": "23", "object_repr": "1 x Pepperoni Pizza in Pizza & Pasta Combo", "action_flag": 1, "change_message": "[{\"added\": {}}]"}}, {"model": "admin.logentry", "pk": 161, "fields": {"action_time": "2026-07-15T19:22:02.071Z", "user": 10, "content_type": 8, "object_id": "10", "object_repr": "Spice Route (Soup & Starter)", "action_flag": 2, "change_message": "[{\"changed\": {\"fields\": [\"Image\"]}}]"}}, {"model": "admin.logentry", "pk": 162, "fields": {"action_time": "2026-07-15T19:22:49.979Z", "user": 10, "content_type": 8, "object_id": "10", "object_repr": "Spice Route (Soup & Starter)", "action_flag": 3, "change_message": ""}}, {"model": "admin.logentry", "pk": 163, "fields": {"action_time": "2026-07-16T10:54:08.339Z", "user": 10, "content_type": 14, "object_id": "15", "object_repr": "Order #15 - Bella Italia - cancelled", "action_flag": 2, "change_message": "[]"}}, {"model": "admin.logentry", "pk": 164, "fields": {"action_time": "2026-07-16T10:58:38.051Z", "user": 10, "content_type": 14, "object_id": "1", "object_repr": "Order #1 - Spice Garden - cancelled", "action_flag": 2, "change_message": "[]"}}, {"model": "admin.logentry", "pk": 165, "fields": {"action_time": "2026-07-16T11:00:29.962Z", "user": 10, "content_type": 7, "object_id": "8", "object_repr": "Dessert", "action_flag": 2, "change_message": "[{\"changed\": {\"fields\": [\"Updated by\"]}}]"}}, {"model": "admin.logentry", "pk": 166, "fields": {"action_time": "2026-07-16T15:10:32.811Z", "user": 10, "content_type": 13, "object_id": "29", "object_repr": "1 X Tandoori Platter", "action_flag": 2, "change_message": "[]"}}, {"model": "admin.logentry", "pk": 167, "fields": {"action_time": "2026-07-16T15:17:06.884Z", "user": 10, "content_type": 15, "object_id": "1", "object_repr": "2 x Item ($67.90)", "action_flag": 3, "change_message": ""}}, {"model": "admin.logentry", "pk": 168, "fields": {"action_time": "2026-07-16T15:17:21.561Z", "user": 10, "content_type": 15, "object_id": "2", "object_repr": "1 x Item ($67.90)", "action_flag": 3, "change_message": ""}}, {"model": "admin.logentry", "pk": 169, "fields": {"action_time": "2026-07-16T15:17:28.207Z", "user": 10, "content_type": 15, "object_id": "3", "object_repr": "1 x Item ($123.00)", "action_flag": 3, "change_message": ""}}, {"model": "admin.logentry", "pk": 170, "fields": {"action_time": "2026-07-16T15:17:38.938Z", "user": 10, "content_type": 15, "object_id": "4", "object_repr": "1 x Noodle & Soup Deal", "action_flag": 3, "change_message": ""}}, {"model": "admin.logentry", "pk": 171, "fields": {"action_time": "2026-07-16T15:17:44.715Z", "user": 10, "content_type": 15, "object_id": "5", "object_repr": "1 x Item ($24.98)", "action_flag": 3, "change_message": ""}}, {"model": "admin.logentry", "pk": 172, "fields": {"action_time": "2026-07-16T15:17:49.944Z", "user": 10, "content_type": 15, "object_id": "6", "object_repr": "2 x Pizza & Pasta Combo", "action_flag": 3, "change_message": ""}}, {"model": "admin.logentry", "pk": 173, "fields": {"action_time": "2026-07-16T15:17:55.626Z", "user": 10, "content_type": 15, "object_id": "7", "object_repr": "4 x Item ($24.98)", "action_flag": 3, "change_message": ""}}, {"model": "admin.logentry", "pk": 174, "fields": {"action_time": "2026-07-16T15:18:01.393Z", "user": 10, "content_type": 15, "object_id": "8", "object_repr": "1 x Noodle & Soup Deal", "action_flag": 3, "change_message": ""}}, {"model": "admin.logentry", "pk": 175, "fields": {"action_time": "2026-07-16T15:18:09.728Z", "user": 10, "content_type": 15, "object_id": "9", "object_repr": "2 x Pizza & Pasta Combo", "action_flag": 3, "change_message": ""}}, {"model": "admin.logentry", "pk": 176, "fields": {"action_time": "2026-07-16T15:18:14.711Z", "user": 10, "content_type": 15, "object_id": "10", "object_repr": "1 x Item ($48.90)", "action_flag": 3, "change_message": ""}}, {"model": "admin.logentry", "pk": 177, "fields": {"action_time": "2026-07-16T15:18:20.681Z", "user": 10, "content_type": 15, "object_id": "11", "object_repr": "1 x Item ($48.90)", "action_flag": 3, "change_message": ""}}, {"model": "admin.logentry", "pk": 178, "fields": {"action_time": "2026-07-16T15:18:26.377Z", "user": 10, "content_type": 15, "object_id": "12", "object_repr": "1 x Noodle & Soup Deal", "action_flag": 3, "change_message": ""}}, {"model": "admin.logentry", "pk": 179, "fields": {"action_time": "2026-07-16T15:18:37.513Z", "user": 10, "content_type": 15, "object_id": "13", "object_repr": "1 x Item ($20.30)", "action_flag": 3, "change_message": ""}}, {"model": "admin.logentry", "pk": 180, "fields": {"action_time": "2026-07-16T15:18:42.736Z", "user": 10, "content_type": 15, "object_id": "14", "object_repr": "1 x Item ($34.45)", "action_flag": 3, "change_message": ""}}, {"model": "admin.logentry", "pk": 181, "fields": {"action_time": "2026-07-16T15:18:48.051Z", "user": 10, "content_type": 15, "object_id": "15", "object_repr": "1 x Item ($123.00)", "action_flag": 3, "change_message": ""}}, {"model": "admin.logentry", "pk": 182, "fields": {"action_time": "2026-07-16T15:18:54.474Z", "user": 10, "content_type": 15, "object_id": "16", "object_repr": "1 x Item ($67.90)", "action_flag": 3, "change_message": ""}}, {"model": "admin.logentry", "pk": 183, "fields": {"action_time": "2026-07-16T15:18:59.356Z", "user": 10, "content_type": 15, "object_id": "17", "object_repr": "1 x Item ($48.90)", "action_flag": 3, "change_message": ""}}, {"model": "admin.logentry", "pk": 184, "fields": {"action_time": "2026-07-16T15:19:07.210Z", "user": 10, "content_type": 15, "object_id": "18", "object_repr": "1 x Pizza & Pasta Combo", "action_flag": 3, "change_message": ""}}, {"model": "admin.logentry", "pk": 185, "fields": {"action_time": "2026-07-16T15:19:11.835Z", "user": 10, "content_type": 15, "object_id": "19", "object_repr": "2 x Item ($67.90)", "action_flag": 3, "change_message": ""}}, {"model": "admin.logentry", "pk": 186, "fields": {"action_time": "2026-07-16T15:19:16.489Z", "user": 10, "content_type": 15, "object_id": "20", "object_repr": "1 x Item ($215.80)", "action_flag": 3, "change_message": ""}}, {"model": "admin.logentry", "pk": 187, "fields": {"action_time": "2026-07-16T15:19:21.179Z", "user": 10, "content_type": 15, "object_id": "21", "object_repr": "1 x Item ($34.45)", "action_flag": 3, "change_message": ""}}, {"model": "admin.logentry", "pk": 188, "fields": {"action_time": "2026-07-16T15:21:00.230Z", "user": 10, "content_type": 15, "object_id": "23", "object_repr": "1 x Tandoori Platter", "action_flag": 2, "change_message": "[]"}}, {"model": "admin.logentry", "pk": 189, "fields": {"action_time": "2026-07-16T15:21:55.785Z", "user": 10, "content_type": 14, "object_id": "17", "object_repr": "Order #17 - Spice Garden - delivered", "action_flag": 2, "change_message": "[{\"changed\": {\"fields\": [\"Current status\"]}}]"}}, {"model": "admin.logentry", "pk": 190, "fields": {"action_time": "2026-07-16T15:22:28.697Z", "user": 10, "content_type": 14, "object_id": "1", "object_repr": "Order #1 - Spice Garden - cancelled", "action_flag": 3, "change_message": ""}}, {"model": "admin.logentry", "pk": 191, "fields": {"action_time": "2026-07-16T15:22:33.815Z", "user": 10, "content_type": 14, "object_id": "2", "object_repr": "Order #2 - Spice Garden - cancelled", "action_flag": 3, "change_message": ""}}, {"model": "admin.logentry", "pk": 192, "fields": {"action_time": "2026-07-16T15:22:40.315Z", "user": 10, "content_type": 14, "object_id": "3", "object_repr": "Order #3 - Italian Delights - cancelled", "action_flag": 3, "change_message": ""}}, {"model": "admin.logentry", "pk": 193, "fields": {"action_time": "2026-07-16T15:22:45.563Z", "user": 10, "content_type": 14, "object_id": "4", "object_repr": "Order #4 - Sushi World - cancelled", "action_flag": 3, "change_message": ""}}, {"model": "admin.logentry", "pk": 194, "fields": {"action_time": "2026-07-16T15:22:50.370Z", "user": 10, "content_type": 14, "object_id": "5", "object_repr": "Order #5 - Italian Delights - pending", "action_flag": 3, "change_message": ""}}, {"model": "admin.logentry", "pk": 195, "fields": {"action_time": "2026-07-16T15:22:55.536Z", "user": 10, "content_type": 14, "object_id": "6", "object_repr": "Order #6 - Sushi World - cancelled", "action_flag": 3, "change_message": ""}}, {"model": "admin.logentry", "pk": 196, "fields": {"action_time": "2026-07-16T15:23:00.693Z", "user": 10, "content_type": 14, "object_id": "7", "object_repr": "Order #7 - Spice Garden - pending", "action_flag": 3, "change_message": ""}}, {"model": "admin.logentry", "pk": 197, "fields": {"action_time": "2026-07-16T15:23:06.167Z", "user": 10, "content_type": 14, "object_id": "8", "object_repr": "Order #8 - Spice Garden - pending", "action_flag": 3, "change_message": ""}}, {"model": "admin.logentry", "pk": 198, "fields": {"action_time": "2026-07-16T15:23:14.279Z", "user": 10, "content_type": 14, "object_id": "9", "object_repr": "Order #9 - Italian Delights - preparing", "action_flag": 3, "change_message": ""}}, {"model": "admin.logentry", "pk": 199, "fields": {"action_time": "2026-07-16T15:23:20.049Z", "user": 10, "content_type": 14, "object_id": "10", "object_repr": "Order #10 - Italian Delights - cancelled", "action_flag": 3, "change_message": ""}}, {"model": "admin.logentry", "pk": 200, "fields": {"action_time": "2026-07-16T15:23:24.948Z", "user": 10, "content_type": 14, "object_id": "11", "object_repr": "Order #11 - Bella Italia - cancelled", "action_flag": 3, "change_message": ""}}, {"model": "admin.logentry", "pk": 201, "fields": {"action_time": "2026-07-16T15:23:29.647Z", "user": 10, "content_type": 14, "object_id": "12", "object_repr": "Order #12 - Spice Garden - pending", "action_flag": 3, "change_message": ""}}, {"model": "admin.logentry", "pk": 202, "fields": {"action_time": "2026-07-16T15:23:33.964Z", "user": 10, "content_type": 14, "object_id": "13", "object_repr": "Order #13 - Sushi World - cancelled", "action_flag": 3, "change_message": ""}}, {"model": "admin.logentry", "pk": 203, "fields": {"action_time": "2026-07-16T15:23:38.567Z", "user": 10, "content_type": 14, "object_id": "14", "object_repr": "Order #14 - Spice Garden - cancelled", "action_flag": 3, "change_message": ""}}, {"model": "admin.logentry", "pk": 204, "fields": {"action_time": "2026-07-16T15:23:45.319Z", "user": 10, "content_type": 14, "object_id": "15", "object_repr": "Order #15 - Bella Italia - cancelled", "action_flag": 3, "change_message": ""}}, {"model": "admin.logentry", "pk": 205, "fields": {"action_time": "2026-07-16T15:24:27.879Z", "user": 10, "content_type": 16, "object_id": "34", "object_repr": "Order #17 - delivered", "action_flag": 2, "change_message": "[{\"changed\": {\"fields\": [\"Status\"]}}]"}}, {"model": "admin.logentry", "pk": 206, "fields": {"action_time": "2026-07-16T15:52:43.227Z", "user": 10, "content_type": 15, "object_id": "26", "object_repr": "1 x Mint Margarita", "action_flag": 2, "change_message": "[]"}}, {"model": "sessions.session", "pk": "26am787k9869ylhcwhp55ufjo0l9x58v", "fields": {"session_data": ".eJxVjEEOwiAQAP_C2RAWygIevfcNBBaQqqFJaU_GvxuSHvQ6M5k38-HYqz963vyS2JWBYJdfGAM9cxsmPUK7r5zWtm9L5CPhp-18XlN-3c72b1BDr-PrbME4QbFOS1UANDpFErI0DqPMYFHoKSJFi1pbpQSQ0cmQykTBEft8AdHINyI:1wjB1O:efCPAj3a2k_sAacO3ngjKqz573_fgopymp1BK38NBxg", "expire_date": "2026-07-27T07:24:10.025Z"}}, {"model": "sessions.session", "pk": "9afz9o0z6t5vjplwg6ebh143funmsp28", "fields": {"session_data": ".eJxVjEEOwiAQAP_C2RAWygIevfcNBBaQqqFJaU_GvxuSHvQ6M5k38-HYqz963vyS2JWBYJdfGAM9cxsmPUK7r5zWtm9L5CPhp-18XlN-3c72b1BDr-PrbME4QbFOS1UANDpFErI0DqPMYFHoKSJFi1pbpQSQ0cmQykTBEft8AdHINyI:1wj8Za:8Cr_IUeEy1Ux7QQk5yYw6b8Zt8xN0fy3YWBlHMY3QNo", "expire_date": "2026-07-27T04:47:18.796Z"}}, {"model": "sessions.session", "pk": "d3wpeadztn9i2bjo3ddd29997dhtch3i", "fields": {"session_data": ".eJxVjEEOwiAQAP_C2RAWygIevfcNBBaQqqFJaU_GvxuSHvQ6M5k38-HYqz963vyS2JWBYJdfGAM9cxsmPUK7r5zWtm9L5CPhp-18XlN-3c72b1BDr-PrbME4QbFOS1UANDpFErI0DqPMYFHoKSJFi1pbpQSQ0cmQykTBEft8AdHINyI:1wi3jw:4ilghpz_EGuFB6lYtQLq3FPa5JEaE7rplSe8VkGgIYU", "expire_date": "2026-07-24T05:25:32.681Z"}}, {"model": "sessions.session", "pk": "vbwaibq70e3io0k8097dtk9ugo8db23h", "fields": {"session_data": ".eJxVjMsOwiAQRf-FtSEd3rh07zeQAQapGkhKuzL-uzbpQrf3nHNfLOC21rANWsKc2ZkpdvrdIqYHtR3kO7Zb56m3dZkj3xV-0MGvPdPzcrh_BxVH_dbOTGgKReGTnbI10Tkhc5EWvCJnvLSobfIEQhkQxUtEC6A1aRDJ5cLeH85jNy4:1wemt1:OahmVBBQx2dA3sc3V2N-lU_rY2R7RPZoDtmOwLUg8zU", "expire_date": "2026-07-15T04:49:23.612Z"}}, {"model": "user.user", "pk": 4, "fields": {"password": "pbkdf2_sha256$1200000$ZU9uFmYzqivs7aKM4uqnVp$SHA6nw3abodTusu8pJTBHNuDj4vSw81acwyhhkMfe3c=", "last_login": "2026-07-01T04:49:23.600Z", "is_superuser": true, "username": "Admin", "email": "admin2@gmail.com", "city": null, "country": null, "created_at": "2026-07-01T04:48:57.602Z", "updated_at": "2026-07-01T04:48:57.602Z", "is_active": true, "is_admin": true, "is_approved": false, "groups": [], "user_permissions": []}}, {"model": "user.user", "pk": 7, "fields": {"password": "pbkdf2_sha256$1200000$lsL1GsmWV3PJa5SDff5xeh$8Be8MtvXXeufcwCZ5WmsaAbTIzYEYTpmKAlGv7SVLU0=", "last_login": null, "is_superuser": false, "username": "Test1", "email": "test@gmail.com", "city": "Boston", "country": "USA", "created_at": "2026-07-01T05:28:39.114Z", "updated_at": "2026-07-01T05:28:39.156Z", "is_active": true, "is_admin": false, "is_approved": false, "groups": [], "user_permissions": []}}, {"model": "user.user", "pk": 8, "fields": {"password": "pbkdf2_sha256$1200000$KR5wtvzjpEUHBU55LAWhyX$PXVHDTY2abR+dedjwOhDuaBDDoTcYg3215nYhpvOGFs=", "last_login": null, "is_superuser": false, "username": "Test1", "email": "test1@gmail.com", "city": "Boston", "country": "USA", "created_at": "2026-07-01T05:44:20.267Z", "updated_at": "2026-07-01T05:44:20.311Z", "is_active": true, "is_admin": false, "is_approved": false, "groups": [], "user_permissions": []}}, {"model": "user.user", "pk": 9, "fields": {"password": "pbkdf2_sha256$1200000$ZV6uDdF3yAYJ6gLx1jVP8s$+ShySxFnR+iIbB+/vDfLPOtZ7RfSZE87WWms7I9kUew=", "last_login": null, "is_superuser": false, "username": "string", "email": "abc@example.com", "city": "string", "country": "string", "created_at": "2026-07-07T10:09:35.212Z", "updated_at": "2026-07-07T10:09:35.212Z", "is_active": true, "is_admin": false, "is_approved": false, "groups": [], "user_permissions": []}}, {"model": "user.user", "pk": 10, "fields": {"password": "pbkdf2_sha256$1200000$RMY83426F6VEWWYQRrUCbz$T0H+1eJPzmyQlgqRMXHesxQYkLUECpZqz5lkO9/Tk68=", "last_login": "2026-07-13T07:24:10.017Z", "is_superuser": true, "username": "Khan", "email": "khan@gmail.com", "city": null, "country": null, "created_at": "2026-07-10T04:01:16.878Z", "updated_at": "2026-07-10T04:01:16.878Z", "is_active": true, "is_admin": true, "is_approved": false, "groups": [], "user_permissions": []}}, {"model": "user.user", "pk": 12, "fields": {"password": "pbkdf2_sha256$1200000$Q0i8gSjtTsAlY9E1NtaCGs$6NP6KMeF/8kExLoJbgueN/j436ns84Z7150yN6vNPNw=", "last_login": null, "is_superuser": false, "username": "Admin", "email": "admin@gmail.com", "city": "Karachi", "country": "Pakistan", "created_at": "2026-07-13T14:56:27.422Z", "updated_at": "2026-07-13T14:57:29.649Z", "is_active": true, "is_admin": true, "is_approved": false, "groups": [], "user_permissions": []}}, {"model": "user.user", "pk": 13, "fields": {"password": "pbkdf2_sha256$1200000$LNoU2A6hz0NA63wX52sxLx$127lSs8ydT2Vlmi2kbmxVIYhEurAodLXNg+EwB9Vrno=", "last_login": null, "is_superuser": false, "username": "John Doe", "email": "john@gmail.com", "city": "Karachi", "country": "Pakistan", "created_at": "2026-07-13T15:43:37.008Z", "updated_at": "2026-07-13T15:43:37.008Z", "is_active": true, "is_admin": false, "is_approved": false, "groups": [], "user_permissions": []}}, {"model": "restaurants.category", "pk": 1, "fields": {"name": "Pizza", "slug": "pizza", "image": "categories/Pizza.jpg", "created_by": 4, "updated_by": 12, "created_at": "2026-07-01T09:18:41.162Z", "updated_at": "2026-07-13T18:17:49.634Z"}}, {"model": "restaurants.category", "pk": 4, "fields": {"name": "Mashroom Steak", "slug": "mashroom-steak", "image": "categories/mushroomSteak.jpg", "created_by": 4, "updated_by": 12, "created_at": "2026-07-01T10:04:13.803Z", "updated_at": "2026-07-13T18:17:30.031Z"}}, {"model": "restaurants.category", "pk": 5, "fields": {"name": "Smokey Items", "slug": "smokey-items", "image": "categories/smokeyItems.jpg", "created_by": 4, "updated_by": 12, "created_at": "2026-07-01T10:25:44.815Z", "updated_at": "2026-07-13T18:21:30.274Z"}}, {"model": "restaurants.category", "pk": 7, "fields": {"name": "Soups", "slug": "soups", "image": "categories/soup.jpg", "created_by": 4, "updated_by": 12, "created_at": "2026-07-01T11:37:13.257Z", "updated_at": "2026-07-13T18:25:07.916Z"}}, {"model": "restaurants.category", "pk": 8, "fields": {"name": "Dessert", "slug": "dessert", "image": "categories/Desserts.jpg", "created_by": 4, "updated_by": 10, "created_at": "2026-07-10T04:59:27.943Z", "updated_at": "2026-07-16T11:00:29.960Z"}}, {"model": "restaurants.category", "pk": 9, "fields": {"name": "Drinks", "slug": "drinks", "image": "categories/Drinks.jpg", "created_by": 10, "updated_by": 12, "created_at": "2026-07-13T07:03:40.815Z", "updated_at": "2026-07-13T18:15:58.083Z"}}, {"model": "restaurants.restaurants", "pk": 1, "fields": {"name": "Spice Garden", "description": "A renowned Oxford Street restaurant celebrated for its aromatic Indian cuisine, featuring rich curries, freshly baked breads, and authentic regional specialties.", "address": "45 Oxford Street, London", "image": "restaurants/spicegarden_cYcebbw.jpg", "is_featured": true, "is_active": true, "created_by": 4, "updated_by": 12, "created_at": "2026-07-01T11:15:13.901Z", "updated_at": "2026-07-15T15:58:35.705Z"}}, {"model": "restaurants.restaurants", "pk": 3, "fields": {"name": "Italian Delights", "description": "A delightful Camden Street trattoria serving traditional Italian comfort food, including creamy risottos, hearty lasagna, and delectable tiramisu.", "address": "12 Camden Street, London", "image": "restaurants/italiandelight.jpg", "is_featured": true, "is_active": true, "created_by": 4, "updated_by": 12, "created_at": "2026-07-01T11:15:50.331Z", "updated_at": "2026-07-15T15:58:51.503Z"}}, {"model": "restaurants.restaurants", "pk": 4, "fields": {"name": "Sushi World", "description": "A contemporary Japanese restaurant on Brick Lane serving fresh, artfully prepared sushi, sashimi, and innovative fusion rolls in a sleek, modern setting.", "address": "78 Brick Lane, London", "image": "restaurants/sushiWorld.png", "is_featured": true, "is_active": true, "created_by": 4, "updated_by": 12, "created_at": "2026-07-01T11:15:58.789Z", "updated_at": "2026-07-15T15:59:22.739Z"}}, {"model": "restaurants.restaurants", "pk": 6, "fields": {"name": "The Coastal Table", "description": "A cozy seafood restaurant offering fresh catches and coastal-inspired dishes.", "address": "123 Harbor Street", "image": "restaurants/coastleTable.jpg", "is_featured": true, "is_active": true, "created_by": 10, "updated_by": 12, "created_at": "2026-07-13T06:48:41.601Z", "updated_at": "2026-07-13T15:24:05.648Z"}}, {"model": "restaurants.restaurants", "pk": 7, "fields": {"name": "Spice Route", "description": "A vibrant eatery on Wardour Street offering an exquisite journey through South Asian flavors, from fragrant curries to sizzling tandoori specialties.", "address": "23 Wardour Street, London", "image": "restaurants/spiceroute.png", "is_featured": true, "is_active": true, "created_by": 10, "updated_by": 12, "created_at": "2026-07-13T06:49:32.614Z", "updated_at": "2026-07-15T16:02:04.198Z"}}, {"model": "restaurants.restaurants", "pk": 8, "fields": {"name": "Bella Italia", "description": "A charming Italian restaurant on King's Road serving authentic homemade pasta, wood-fired pizzas, and classic Mediterranean dishes in a warm, family-friendly atmosphere.", "address": "56 King's Road, London", "image": "restaurants/bellaitalia.jpg", "is_featured": true, "is_active": true, "created_by": 10, "updated_by": 12, "created_at": "2026-07-13T06:50:09.894Z", "updated_at": "2026-07-15T16:02:22.030Z"}}, {"model": "restaurants.menuitem", "pk": 7, "fields": {"restaurant_id": 8, "category_id": 1, "name": "Cheese Pizza", "description": "Classic mozzarella and tomato sauce", "price": "11.00", "image": "menu_items/chessyPizza_jd7KFyj.jpg", "is_available": true, "is_featured": true, "created_by": 12, "updated_by": 12, "created_at": "2026-07-15T18:26:04.171Z", "updated_at": "2026-07-15T18:26:04.171Z"}}, {"model": "restaurants.menuitem", "pk": 8, "fields": {"restaurant_id": 8, "category_id": 1, "name": "Pepperoni Pizza", "description": "Mozzarella with spicy pepperoni", "price": "13.00", "image": "menu_items/pepperonipizza.png", "is_available": true, "is_featured": true, "created_by": 12, "updated_by": 12, "created_at": "2026-07-15T18:26:49.645Z", "updated_at": "2026-07-15T18:26:49.645Z"}}, {"model": "restaurants.menuitem", "pk": 9, "fields": {"restaurant_id": 8, "category_id": 1, "name": "Vegetable Pizza", "description": "Bell peppers, olives, mushrooms, and onions", "price": "12.50", "image": "menu_items/vegePizza.png", "is_available": true, "is_featured": true, "created_by": 12, "updated_by": 12, "created_at": "2026-07-15T18:27:47.111Z", "updated_at": "2026-07-15T18:27:47.111Z"}}, {"model": "restaurants.menuitem", "pk": 10, "fields": {"restaurant_id": 8, "category_id": 8, "name": "Chocolate Brownie", "description": "Warm brownie with vanilla ice cream", "price": "6.00", "image": "menu_items/Brownie.jpg", "is_available": true, "is_featured": true, "created_by": 12, "updated_by": 12, "created_at": "2026-07-15T18:28:37.794Z", "updated_at": "2026-07-15T18:28:37.794Z"}}, {"model": "restaurants.menuitem", "pk": 11, "fields": {"restaurant_id": 8, "category_id": 8, "name": "Vanilla Ice Cream", "description": "Creamy vanilla ice cream with chocolate sauce", "price": "5.50", "image": "menu_items/vanillaIcecream.jpg", "is_available": true, "is_featured": true, "created_by": 12, "updated_by": 12, "created_at": "2026-07-15T18:29:25.299Z", "updated_at": "2026-07-15T18:29:25.300Z"}}, {"model": "restaurants.menuitem", "pk": 12, "fields": {"restaurant_id": 8, "category_id": 9, "name": "Fresh Lemonade", "description": "Homemade lemonade with mint", "price": "4.50", "image": "menu_items/FreshLimeSoda.jpg", "is_available": true, "is_featured": true, "created_by": 12, "updated_by": 12, "created_at": "2026-07-15T18:30:08.794Z", "updated_at": "2026-07-15T18:30:08.795Z"}}, {"model": "restaurants.menuitem", "pk": 13, "fields": {"restaurant_id": 7, "category_id": 5, "name": "Chicken Tikka", "description": "Grilled chicken pieces with spices", "price": "14.00", "image": "menu_items/ChickenTikka.jpg", "is_available": true, "is_featured": true, "created_by": 12, "updated_by": 12, "created_at": "2026-07-15T18:31:12.832Z", "updated_at": "2026-07-15T18:31:12.832Z"}}, {"model": "restaurants.menuitem", "pk": 14, "fields": {"restaurant_id": 7, "category_id": 5, "name": "Lamb Chops", "description": "Grilled lamb chops with mint sauce", "price": "18.00", "image": "menu_items/LambChops.jpg", "is_available": true, "is_featured": true, "created_by": 12, "updated_by": 12, "created_at": "2026-07-15T18:31:57.238Z", "updated_at": "2026-07-15T18:32:47.275Z"}}, {"model": "restaurants.menuitem", "pk": 15, "fields": {"restaurant_id": 7, "category_id": 5, "name": "Chicken Kebabs", "description": "Minced chicken skewers with herbs", "price": "13.00", "image": "menu_items/ChickenKebabs.jpg", "is_available": true, "is_featured": true, "created_by": 12, "updated_by": 12, "created_at": "2026-07-15T18:32:38.018Z", "updated_at": "2026-07-15T18:32:38.018Z"}}, {"model": "restaurants.menuitem", "pk": 16, "fields": {"restaurant_id": 7, "category_id": 7, "name": "Lentil Soup", "description": "Spiced lentil soup with garlic", "price": "6.00", "image": "menu_items/LentilSoup.jpg", "is_available": true, "is_featured": true, "created_by": 12, "updated_by": 12, "created_at": "2026-07-15T18:33:55.150Z", "updated_at": "2026-07-15T18:33:55.150Z"}}, {"model": "restaurants.menuitem", "pk": 17, "fields": {"restaurant_id": 7, "category_id": 7, "name": "Tomato Soup", "description": "Creamy tomato soup with herbs", "price": "5.50", "image": "menu_items/TomatoSoup.jpg", "is_available": true, "is_featured": true, "created_by": 12, "updated_by": 12, "created_at": "2026-07-15T18:34:38.135Z", "updated_at": "2026-07-15T18:34:38.135Z"}}, {"model": "restaurants.menuitem", "pk": 18, "fields": {"restaurant_id": 7, "category_id": 9, "name": "Pepsi", "description": "Soft Drink", "price": "4.00", "image": "menu_items/Pepsi.jpeg", "is_available": true, "is_featured": true, "created_by": 12, "updated_by": 12, "created_at": "2026-07-15T18:35:27.978Z", "updated_at": "2026-07-15T18:35:27.979Z"}}, {"model": "restaurants.menuitem", "pk": 19, "fields": {"restaurant_id": 6, "category_id": 4, "name": "Mushroom Steak", "description": "Grilled mushroom with garlic butter", "price": "14.00", "image": "menu_items/mushroomSteak.jpg", "is_available": true, "is_featured": true, "created_by": 12, "updated_by": 12, "created_at": "2026-07-15T18:36:19.727Z", "updated_at": "2026-07-15T18:36:19.727Z"}}, {"model": "restaurants.menuitem", "pk": 20, "fields": {"restaurant_id": 6, "category_id": 4, "name": "Stuffed Mushrooms", "description": "Mushrooms filled with cheese and herbs\t8.50", "price": "8.50", "image": "menu_items/StuffedMushrooms.jpg", "is_available": true, "is_featured": true, "created_by": 12, "updated_by": 12, "created_at": "2026-07-15T18:37:04.493Z", "updated_at": "2026-07-15T18:37:04.493Z"}}, {"model": "restaurants.menuitem", "pk": 21, "fields": {"restaurant_id": 6, "category_id": 4, "name": "Creamy Mushroom Pasta", "description": "Pasta with mushroom cream sauce", "price": "13.00", "image": "menu_items/CreamyMushroomPasta.jpg", "is_available": true, "is_featured": true, "created_by": 12, "updated_by": 12, "created_at": "2026-07-15T18:37:57.785Z", "updated_at": "2026-07-15T18:37:57.785Z"}}, {"model": "restaurants.menuitem", "pk": 22, "fields": {"restaurant_id": 6, "category_id": 7, "name": "Fish Soup", "description": "Light soup with fresh fish chunks", "price": "7.00", "image": "menu_items/FishSoup.jpg", "is_available": true, "is_featured": true, "created_by": 12, "updated_by": 12, "created_at": "2026-07-15T18:39:14.036Z", "updated_at": "2026-07-15T18:39:14.036Z"}}, {"model": "restaurants.menuitem", "pk": 23, "fields": {"restaurant_id": 6, "category_id": 7, "name": "Prawn Soup", "description": "Spicy soup with prawns and vegetables", "price": "7.50", "image": "menu_items/PrawnSoup.jpg", "is_available": true, "is_featured": true, "created_by": 12, "updated_by": 12, "created_at": "2026-07-15T18:40:05.716Z", "updated_at": "2026-07-15T18:40:05.716Z"}}, {"model": "restaurants.menuitem", "pk": 24, "fields": {"restaurant_id": 6, "category_id": 9, "name": "Fresh Lime Soda", "description": "Lime juice with soda and salt", "price": "4.00", "image": "menu_items/Lemonade.jpg", "is_available": true, "is_featured": true, "created_by": 12, "updated_by": 12, "created_at": "2026-07-15T18:41:00.674Z", "updated_at": "2026-07-15T18:41:00.674Z"}}, {"model": "restaurants.menuitem", "pk": 25, "fields": {"restaurant_id": 4, "category_id": 7, "name": "Chicken Noodle Soup", "description": "Noodle soup with chicken and vegetables", "price": "8.00", "image": "menu_items/ChickenNoodleSoup.jpg", "is_available": true, "is_featured": true, "created_by": 12, "updated_by": 12, "created_at": "2026-07-15T18:41:51.622Z", "updated_at": "2026-07-15T18:41:51.622Z"}}, {"model": "restaurants.menuitem", "pk": 26, "fields": {"restaurant_id": 4, "category_id": 7, "name": "Vegetable Soup", "description": "Mixed vegetable clear soup", "price": "6.00", "image": "menu_items/Vegetable_Soup.jpg", "is_available": true, "is_featured": true, "created_by": 12, "updated_by": 12, "created_at": "2026-07-15T18:42:35.543Z", "updated_at": "2026-07-15T18:42:35.543Z"}}, {"model": "restaurants.menuitem", "pk": 27, "fields": {"restaurant_id": 4, "category_id": 7, "name": "Spicy Noodle Soup", "description": "Noodles with spicy broth and egg", "price": "9.00", "image": "menu_items/SpicyNoodleSoup.jpg", "is_available": true, "is_featured": true, "created_by": 12, "updated_by": 12, "created_at": "2026-07-15T18:43:19.051Z", "updated_at": "2026-07-15T18:43:19.051Z"}}, {"model": "restaurants.menuitem", "pk": 28, "fields": {"restaurant_id": 4, "category_id": 9, "name": "Green Tea", "description": "Hot Japanese green tea", "price": "3.00", "image": "menu_items/GreenTea.jpg", "is_available": true, "is_featured": true, "created_by": 12, "updated_by": 12, "created_at": "2026-07-15T18:43:56.449Z", "updated_at": "2026-07-15T18:43:56.449Z"}}, {"model": "restaurants.menuitem", "pk": 29, "fields": {"restaurant_id": 4, "category_id": 9, "name": "Ice Tea", "description": "Chilled lemon iced tea", "price": "4.00", "image": "menu_items/IceTea.jpg", "is_available": true, "is_featured": true, "created_by": 12, "updated_by": 12, "created_at": "2026-07-15T18:45:52.967Z", "updated_at": "2026-07-15T18:45:52.967Z"}}, {"model": "restaurants.menuitem", "pk": 30, "fields": {"restaurant_id": 4, "category_id": 8, "name": "Fruit Salad", "description": "Fresh mixed fruits with cream", "price": "5.50", "image": "menu_items/FruitSalad.jpg", "is_available": true, "is_featured": true, "created_by": 12, "updated_by": 12, "created_at": "2026-07-15T18:46:41.125Z", "updated_at": "2026-07-15T18:46:41.125Z"}}, {"model": "restaurants.menuitem", "pk": 31, "fields": {"restaurant_id": 3, "category_id": 1, "name": "Margherita Pizza", "description": "Tomato, mozzarella, and basil", "price": "11.00", "image": "menu_items/MargheritaPizza.jpg", "is_available": true, "is_featured": true, "created_by": 12, "updated_by": 12, "created_at": "2026-07-15T18:47:33.453Z", "updated_at": "2026-07-15T18:47:33.453Z"}}, {"model": "restaurants.menuitem", "pk": 32, "fields": {"restaurant_id": 3, "category_id": 1, "name": "Chicken Tikka Pizza", "description": "A popular fusion pie that tops a classic dough base with smoky, spiced chicken tikka", "price": "12.50", "image": "menu_items/ChickenTikkaPizza.jpg", "is_available": true, "is_featured": true, "created_by": 12, "updated_by": 12, "created_at": "2026-07-15T18:48:42.865Z", "updated_at": "2026-07-15T18:48:42.865Z"}}, {"model": "restaurants.menuitem", "pk": 33, "fields": {"restaurant_id": 3, "category_id": 1, "name": "Fajita Pizza", "description": "A popular fusion pie that marries zesty Mexican fajitas with classic Italian pizza", "price": "13.00", "image": "menu_items/FajitaPizza.jpg", "is_available": true, "is_featured": true, "created_by": 12, "updated_by": 12, "created_at": "2026-07-15T18:49:42.334Z", "updated_at": "2026-07-15T18:49:42.334Z"}}, {"model": "restaurants.menuitem", "pk": 34, "fields": {"restaurant_id": 3, "category_id": 8, "name": "Chocolate Cake", "description": "Soft chocolate cake with cream", "price": "6.00", "image": "menu_items/ChocolateCake.jpg", "is_available": true, "is_featured": true, "created_by": 12, "updated_by": 12, "created_at": "2026-07-15T18:50:37.747Z", "updated_at": "2026-07-15T19:00:02.187Z"}}, {"model": "restaurants.menuitem", "pk": 35, "fields": {"restaurant_id": 3, "category_id": 8, "name": "Fruit Trifle", "description": "Layers of fruits, cream, and sponge", "price": "5.50", "image": "menu_items/FruitTrifle.jpg", "is_available": true, "is_featured": true, "created_by": 12, "updated_by": 12, "created_at": "2026-07-15T18:51:25.042Z", "updated_at": "2026-07-15T18:51:25.042Z"}}, {"model": "restaurants.menuitem", "pk": 36, "fields": {"restaurant_id": 3, "category_id": 9, "name": "Cold Coffee", "description": "Chilled coffee with ice cream", "price": "4.50", "image": "menu_items/ColdCoffee.jpg", "is_available": true, "is_featured": true, "created_by": 12, "updated_by": 12, "created_at": "2026-07-15T18:52:28.816Z", "updated_at": "2026-07-15T18:52:28.816Z"}}, {"model": "restaurants.menuitem", "pk": 37, "fields": {"restaurant_id": 1, "category_id": 5, "name": "Chicken Tikka", "description": "Tandoori chicken with spices", "price": "14.00", "image": "menu_items/ChickenTikka_PaxVsPV.jpg", "is_available": true, "is_featured": true, "created_by": 12, "updated_by": 12, "created_at": "2026-07-15T18:53:12.570Z", "updated_at": "2026-07-15T18:53:12.570Z"}}, {"model": "restaurants.menuitem", "pk": 38, "fields": {"restaurant_id": 1, "category_id": 5, "name": "Chicken Seekh Kebab", "description": "Minced chicken skewers", "price": "13.00", "image": "menu_items/ChickenSeekhKebab.jpg", "is_available": true, "is_featured": true, "created_by": 12, "updated_by": 12, "created_at": "2026-07-15T18:53:48.259Z", "updated_at": "2026-07-15T18:59:30.866Z"}}, {"model": "restaurants.menuitem", "pk": 39, "fields": {"restaurant_id": 1, "category_id": 5, "name": "Paneer Tikka", "description": "Grilled cottage cheese with spices", "price": "12.00", "image": "menu_items/PaneerTikka.jpg", "is_available": true, "is_featured": true, "created_by": 12, "updated_by": 12, "created_at": "2026-07-15T18:55:05.923Z", "updated_at": "2026-07-15T18:55:05.924Z"}}, {"model": "restaurants.menuitem", "pk": 40, "fields": {"restaurant_id": 1, "category_id": 7, "name": "Chicken Soup", "description": "Clear soup with chicken pieces", "price": "6.00", "image": "menu_items/ChickenNoodleSoup_VraUlaE.jpg", "is_available": true, "is_featured": true, "created_by": 12, "updated_by": 12, "created_at": "2026-07-15T18:55:52.368Z", "updated_at": "2026-07-15T18:55:52.368Z"}}, {"model": "restaurants.menuitem", "pk": 41, "fields": {"restaurant_id": 1, "category_id": 7, "name": "Vegetable Soup", "description": "Mixed vegetable soup with spices", "price": "5.00", "image": "menu_items/Vegetable_Soup_1nZVEJc.jpg", "is_available": true, "is_featured": true, "created_by": 12, "updated_by": 12, "created_at": "2026-07-15T18:56:25.929Z", "updated_at": "2026-07-15T18:56:25.929Z"}}, {"model": "restaurants.menuitem", "pk": 42, "fields": {"restaurant_id": 1, "category_id": 9, "name": "Mint Margarita", "description": "It blends fresh mint leaves, lemon or lime juice, sugar, black salt, and ice, topped with a fizzy lemon-lime soda like Sprite or 7Up.", "price": "4.50", "image": "menu_items/MintMargarita.jpg", "is_available": true, "is_featured": true, "created_by": 12, "updated_by": 12, "created_at": "2026-07-15T18:57:38.358Z", "updated_at": "2026-07-15T18:57:38.358Z"}}, {"model": "restaurants.deal", "pk": 6, "fields": {"restaurant_id": 3, "name": "Pizza & Pasta Combo", "description": "Best of Italian\t1 Pizza + 1 Pasta + 1 Drink", "combo_price": "25.00", "image": "deals/PizzaPastaCombo.jpg", "is_active": true, "is_featured": true, "created_by": 12, "updated_by": 12, "created_at": "2026-07-02T11:06:15.313Z", "updated_at": "2026-07-15T19:11:01.247Z"}}, {"model": "restaurants.deal", "pk": 9, "fields": {"restaurant_id": 4, "name": "Noodle & Soup Deal", "description": "Warm and filling\t1 Noodle Soup + 1 Drink", "combo_price": "22.00", "image": "deals/ChickenNoodleSoup.jpg", "is_active": true, "is_featured": true, "created_by": 12, "updated_by": 12, "created_at": "2026-07-02T11:08:05.415Z", "updated_at": "2026-07-15T19:09:15.064Z"}}, {"model": "restaurants.deal", "pk": 11, "fields": {"restaurant_id": 7, "name": "Grill Platter", "description": "Feast of grilled specialties\tChicken Tikka + Lamb Chops + Kebabs + Naan + Drink", "combo_price": "45.00", "image": "deals/GrillPlatter.jpg", "is_active": true, "is_featured": true, "created_by": 12, "updated_by": 12, "created_at": "2026-07-13T07:05:29.238Z", "updated_at": "2026-07-15T19:05:11.006Z"}}, {"model": "restaurants.deal", "pk": 12, "fields": {"restaurant_id": 8, "name": "Family Pizza Deal", "description": "Perfect meal for the whole family\t2 Large Pizzas + 1 Garlic Bread + 4 Drinks", "combo_price": "35.00", "image": "deals/Deal1.jpg", "is_active": true, "is_featured": true, "created_by": 12, "updated_by": 12, "created_at": "2026-07-13T07:06:08.066Z", "updated_at": "2026-07-15T19:03:09.558Z"}}, {"model": "restaurants.deal", "pk": 13, "fields": {"restaurant_id": 1, "name": "Tandoori Platter", "description": "Smokey grill selection\tChicken Tikka + Seekh Kebab + Paneer Tikka + Drink", "combo_price": "35.00", "image": "deals/smokeyItems.jpg", "is_active": true, "is_featured": true, "created_by": 12, "updated_by": 12, "created_at": "2026-07-15T19:12:10.786Z", "updated_at": "2026-07-15T19:12:10.786Z"}}, {"model": "restaurants.dealitem", "pk": 14, "fields": {"deal_id": 13, "menu_item_id": 38, "quantity": 1}}, {"model": "restaurants.dealitem", "pk": 15, "fields": {"deal_id": 12, "menu_item_id": 33, "quantity": 4}}, {"model": "restaurants.dealitem", "pk": 16, "fields": {"deal_id": 11, "menu_item_id": 15, "quantity": 6}}, {"model": "restaurants.dealitem", "pk": 17, "fields": {"deal_id": 9, "menu_item_id": 25, "quantity": 2}}, {"model": "restaurants.dealitem", "pk": 18, "fields": {"deal_id": 9, "menu_item_id": 27, "quantity": 3}}, {"model": "restaurants.dealitem", "pk": 19, "fields": {"deal_id": 6, "menu_item_id": 21, "quantity": 2}}, {"model": "restaurants.dealitem", "pk": 20, "fields": {"deal_id": 13, "menu_item_id": 39, "quantity": 1}}, {"model": "restaurants.dealitem", "pk": 21, "fields": {"deal_id": 12, "menu_item_id": 32, "quantity": 2}}, {"model": "restaurants.dealitem", "pk": 22, "fields": {"deal_id": 11, "menu_item_id": 13, "quantity": 4}}, {"model": "restaurants.dealitem", "pk": 23, "fields": {"deal_id": 6, "menu_item_id": 8, "quantity": 1}}, {"model": "order.payment", "pk": 1, "fields": {"user": 4, "total_amount": "135.80", "payment_status": "success", "payment_method": "cash", "transaction_id": null, "created_at": "2026-07-03T07:35:59.664Z", "updated_at": "2026-07-03T10:42:56.917Z"}}, {"model": "order.payment", "pk": 2, "fields": {"user": 4, "total_amount": "968.58", "payment_status": "success", "payment_method": "cash", "transaction_id": null, "created_at": "2026-07-03T07:38:57.318Z", "updated_at": "2026-07-03T10:42:47.572Z"}}, {"model": "order.payment", "pk": 3, "fields": {"user": 4, "total_amount": "901.52", "payment_status": "success", "payment_method": "cash", "transaction_id": null, "created_at": "2026-07-03T10:23:38.520Z", "updated_at": "2026-07-03T10:42:42.511Z"}}, {"model": "order.payment", "pk": 4, "fields": {"user": 4, "total_amount": "299.80", "payment_status": "success", "payment_method": "cash", "transaction_id": "", "created_at": "2026-07-03T10:39:19.987Z", "updated_at": "2026-07-03T10:42:05.393Z"}}, {"model": "order.payment", "pk": 5, "fields": {"user": 8, "total_amount": "38.50", "payment_status": "success", "payment_method": "cash", "transaction_id": null, "created_at": "2026-07-13T07:08:18.673Z", "updated_at": "2026-07-13T07:08:18.673Z"}}, {"model": "order.payment", "pk": 6, "fields": {"user": 13, "total_amount": "545.45", "payment_status": "success", "payment_method": "stripe", "transaction_id": "cs_test_a1zjngDnP7wLJllj2bv7ZokBtnB1XZWmXvWNLIVehxRBgvcWVon2RqZvpY", "created_at": "2026-07-14T22:01:25.172Z", "updated_at": "2026-07-14T22:01:25.172Z"}}, {"model": "order.payment", "pk": 7, "fields": {"user": 13, "total_amount": "386.05", "payment_status": "success", "payment_method": "stripe", "transaction_id": "cs_test_a1OWJtHnrxnwXJX3C7Evx4sLk6yrXYXt56tMIEZMOgMDxO5gXA40637X3J", "created_at": "2026-07-15T04:35:38.869Z", "updated_at": "2026-07-15T04:35:38.869Z"}}, {"model": "order.payment", "pk": 8, "fields": {"user": 13, "total_amount": "4.50", "payment_status": "success", "payment_method": "stripe", "transaction_id": "cs_test_a1pBZoMg9PIZQJ7AsdEBnxQC6uaHI530l71fxL9MVzv6yDiyBWzkz6qvfA", "created_at": "2026-07-16T10:45:54.468Z", "updated_at": "2026-07-16T10:45:54.468Z"}}, {"model": "order.payment", "pk": 9, "fields": {"user": 13, "total_amount": "35.00", "payment_status": "success", "payment_method": "stripe", "transaction_id": "cs_test_a1ob6NYfo26QeFfJbII960pcnB8nomFz5eZmg5a1d3gG7qNwpQY22goykE", "created_at": "2026-07-16T15:20:34.869Z", "updated_at": "2026-07-16T15:20:34.869Z"}}, {"model": "order.payment", "pk": 10, "fields": {"user": 13, "total_amount": "23.50", "payment_status": "success", "payment_method": "stripe", "transaction_id": "cs_test_a17mPxNeIqMYKi6fRoSHkPrf6r2dM7T2nLvOLc4Fhlo1mszecMH9mATsOH", "created_at": "2026-07-16T15:51:38.193Z", "updated_at": "2026-07-16T15:51:38.193Z"}}, {"model": "order.cart", "pk": 1, "fields": {"user": 4, "updated_at": "2026-07-03T06:58:48.299Z"}}, {"model": "order.cart", "pk": 2, "fields": {"user": 10, "updated_at": "2026-07-13T07:08:38.030Z"}}, {"model": "order.cart", "pk": 3, "fields": {"user": 13, "updated_at": "2026-07-14T04:50:39.278Z"}}, {"model": "order.order", "pk": 16, "fields": {"user": 13, "restaurant": 1, "payment": 8, "total_price": "4.50", "current_status": "pending", "delivery_address": "karachi", "created_at": "2026-07-16T10:45:54.460Z", "updated_at": "2026-07-16T10:45:54.460Z"}}, {"model": "order.order", "pk": 17, "fields": {"user": 13, "restaurant": 1, "payment": 9, "total_price": "35.00", "current_status": "delivered", "delivery_address": "abcd", "created_at": "2026-07-16T15:20:34.857Z", "updated_at": "2026-07-16T15:21:55.784Z"}}, {"model": "order.order", "pk": 18, "fields": {"user": 13, "restaurant": 3, "payment": 10, "total_price": "19.00", "current_status": "pending", "delivery_address": "ryk", "created_at": "2026-07-16T15:51:38.162Z", "updated_at": "2026-07-16T15:51:38.162Z"}}, {"model": "order.order", "pk": 19, "fields": {"user": 13, "restaurant": 1, "payment": 10, "total_price": "4.50", "current_status": "pending", "delivery_address": "ryk", "created_at": "2026-07-16T15:51:38.182Z", "updated_at": "2026-07-16T15:51:38.182Z"}}, {"model": "order.orderitem", "pk": 22, "fields": {"order": 16, "menu_item": 42, "deal": null, "quantity": 1, "price_at_order": "4.50", "item_name": null, "item_image": null}}, {"model": "order.orderitem", "pk": 23, "fields": {"order": 17, "menu_item": null, "deal": 13, "quantity": 1, "price_at_order": "35.00", "item_name": null, "item_image": null}}, {"model": "order.orderitem", "pk": 24, "fields": {"order": 18, "menu_item": 34, "deal": null, "quantity": 1, "price_at_order": "6.00", "item_name": "Chocolate Cake", "item_image": "/media/menu_items/ChocolateCake.jpg"}}, {"model": "order.orderitem", "pk": 25, "fields": {"order": 18, "menu_item": 33, "deal": null, "quantity": 1, "price_at_order": "13.00", "item_name": "Fajita Pizza", "item_image": "/media/menu_items/FajitaPizza.jpg"}}, {"model": "order.orderitem", "pk": 26, "fields": {"order": 19, "menu_item": 42, "deal": null, "quantity": 1, "price_at_order": "4.50", "item_name": "Mint Margarita", "item_image": "/media/menu_items/MintMargarita.jpg"}}, {"model": "order.orderstatushistory", "pk": 29, "fields": {"order": 16, "status": "pending", "changed_by": 13, "timestamp": "2026-07-16T10:45:54.463Z"}}, {"model": "order.orderstatushistory", "pk": 34, "fields": {"order": 17, "status": "delivered", "changed_by": 13, "timestamp": "2026-07-16T15:20:34.862Z"}}, {"model": "order.orderstatushistory", "pk": 35, "fields": {"order": 18, "status": "pending", "changed_by": 13, "timestamp": "2026-07-16T15:51:38.173Z"}}, {"model": "order.orderstatushistory", "pk": 36, "fields": {"order": 19, "status": "pending", "changed_by": 13, "timestamp": "2026-07-16T15:51:38.184Z"}}]
